Data;Alaska;BTG;Exploritas;Real Investor;Opportunity
12/12/2019;2,5722153;1,0998415;1,250705;13,79020275;1,261383
11/12/2019;2,5500359;1,0996319;1,2339538;13,6995286;1,257622
10/12/2019;2,5067631;1,0994252;1,2264576;13,52775681;1,2559391
09/12/2019;2,4906528;1,0992168;1,2202257;13,53462321;1,2564872
06/12/2019;2,5009449;1,0990087;1,2035857;13,46222004;1,2570572
05/12/2019;2,4754974;1,0988006;1,1861653;13,28068634;1,2532633
04/12/2019;2,4663792;1,0985926;1,1791417;13,25154224;1,2527935
03/12/2019;2,4609734;1,0983847;1,1647646;13,10257378;1,2487115
02/12/2019;2,4588177;1,0981764;1,1607577;13,02417544;1,2463033
29/11/2019;2,4395025;1,0979684;1,1553046;12,97974231;1,2455371
28/11/2019;2,4388378;1,0977606;1,1547908;12,91954058;1,2467554
27/11/2019;2,4355591;1,0975524;1,1494941;12,82422099;1,244126
26/11/2019;2,4049481;1,0973448;1,1512566;12,80482665;1,2435903
25/11/2019;2,4362053;1,0971367;1,1646688;12,79195948;1,2474971
22/11/2019;2,4652771;1,0969289;1,1612499;12,78044092;1,248674
21/11/2019;2,4454862;1,0967202;1,1647275;12,62885578;1,2453553
20/11/2019;2,4145107;1,0965122;1,1504054;12,51250877;1,2441612
19/11/2019;2,4146635;1,0963042;1,1504054;12,51732003;1,2446286
18/11/2019;2,424055;1,0960958;1,1481225;12,54694375;1,2457192
14/11/2019;2,4202767;1,0958881;1,1455636;12,53843303;1,2469796
13/11/2019;2,4026926;1,0956807;1,1488338;12,42691687;1,2459482
12/11/2019;2,4133821;1,0954726;1,1607296;12,48268706;1,2476621
11/11/2019;2,4530652;1,0952651;1,1670877;12,58485606;1,2524071
08/11/2019;2,4352423;1,0950574;1,1725487;12,57325345;1,2496823
07/11/2019;2,4672901;1,0948498;1,1967492;12,67328902;1,2527753
06/11/2019;2,4205193;1,0946424;1,1988756;12,59847846;1,2522448
05/11/2019;2,4148569;1,0944348;1,2105255;12,54841708;1,2556557
04/11/2019;2,4177027;1,0942273;1,2050505;12,6451126;1,2556116
01/11/2019;2,4077002;1,094039;1,204768;12,52100162;1,256641
31/10/2019;2,3498888;1,0938125;1,2026022;12,35272243;1,2534086
30/10/2019;2,3443213;1,0935845;1,1975479;12,38350285;1,2568177
29/10/2019;2,300485;1,0933563;1,2024381;12,33538572;1,2531389
28/10/2019;2,3335;1,0931287;1,201631;12,31667257;1,2535449
25/10/2019;2,3212007;1,0929005;1,199638;12,20693286;1,250718
24/10/2019;2,3329569;1,0926724;1,1957655;12,21869582;1,2478406
23/10/2019;2,372011;1,0924447;1,1967769;12,29940141;1,2486016
22/10/2019;2,3811662;1,0922168;1,195265;12,31447917;1,2444822
21/10/2019;2,3598625;1,0919893;1,1871345;12,28378665;1,2421797
18/10/2019;2,3407173;1,0917616;1,1868804;12,16129289;1,2406509
17/10/2019;2,3539921;1,0915331;1,1901978;12,18011806;1,2392854
16/10/2019;2,3545967;1,0913053;1,1882467;12,14786152;1,2392854
15/10/2019;2,3462206;1,091076;1,1919593;12,14512154;1,2358034
14/10/2019;2,3569622;1,090849;1,1952585;12,19936682;1,2379486
11/10/2019;2,3359553;1,0906215;1,1936965;12,17761566;1,2371452
10/10/2019;2,2724461;1,0903943;1,1725259;11,95271944;1,2314978
09/10/2019;2,272741;1,0901674;1,1685635;11,8936722;1,2295804
08/10/2019;2,2355852;1,0899399;1,160597;11,8053693;1,2255658
07/10/2019;2,2668273;1,0897129;1,1635996;11,86129925;1,2265332
04/10/2019;2,3094797;1,0894858;1,1636642;12,04622532;1,232488
03/10/2019;2,2783721;1,0892588;1,162108;11,91266175;1,2286788
02/10/2019;2,2639032;1,0890319;1,151452;11,84178669;1,2244405
01/10/2019;2,3233963;1,088805;1,153227;12,07889288;1,2279326
30/09/2019;2,3330582;1,0885781;1,1526317;12,14927306;1,2299923
27/09/2019;2,3225908;1,0883501;1,1543121;12,06824506;1,2292312
26/09/2019;2,3128005;1,0881228;1,1515223;12,08029353;1,2291337
25/09/2019;2,3124243;1,0878954;1,1492821;12,07553131;1,2271769
24/09/2019;2,3085395;1,0876682;1,1469064;12,03258495;1,2253876
23/09/2019;2,3126493;1,0874415;1,1551987;12,14340707;1,2266548
20/09/2019;2,3076886;1,0872337;1,1572361;12,17425463;1,2269907
19/09/2019;2,2850287;1,0869877;1,1521641;12,21588719;1,2238818
18/09/2019;2,2816165;1,0867408;1,144304;12,16311119;1,2205851
17/09/2019;2,2622099;1,0864936;1,1364958;12,12032627;1,2198552
16/09/2019;2,2548146;1,0862469;1,1317996;12,06596814;1,2158296
13/09/2019;2,2347377;1,0860004;1,1353954;12,11886328;1,2103289
12/09/2019;2,2609568;1,0857533;1,1427277;12,19905644;1,2156919
11/09/2019;2,2230405;1,0855068;1,1373746;12,09460621;1,2147987
10/09/2019;2,1939786;1,0852601;1,1314885;11,96060125;1,2133202
09/09/2019;2,2073626;1,0850136;1,1266023;11,9605876;1,2145962
06/09/2019;2,2098499;1,0847671;1,1167637;11,99381137;1,2162115
05/09/2019;2,214679;1,0845204;1,112299;12,03521233;1,214312
04/09/2019;2,2114273;1,0842742;1,1063891;11,96430793;1,2144096
03/09/2019;2,1619875;1,0840276;1,1038632;11,92081741;1,2126074
02/09/2019;2,1895083;1,0837813;1,1162781;11,9965496;1,2129163
30/08/2019;2,1783786;1,0835354;1,1187874;12,01313958;1,2143818
29/08/2019;2,1929082;1,0832887;1,1050141;11,78850754;1,209383
28/08/2019;2,1235873;1,0830417;1,1119022;11,57964117;1,206854
27/08/2019;2,0874835;1,0827938;1,135669;11,54427652;1,2101394
26/08/2019;2,0717914;1,0825473;1,1546035;11,42728798;1,2094593
23/08/2019;2,1015642;1,0823008;1,1667778;11,53790193;1,2143036
22/08/2019;2,163261;1,0820539;1,1753768;11,75823208;1,2163966
21/08/2019;2,228958;1,081808;1,1757539;11,80220603;1,2181017
20/08/2019;2,2149397;1,0815617;1,1647083;11,66330906;1,2122336
19/08/2019;2,2293097;1,0813144;1,1662584;11,69959692;1,2122901
16/08/2019;2,23384;1,0810678;1,1815642;11,71928693;1,2151462
15/08/2019;2,203716;1,0808221;1,1894904;11,70558574;1,211761
14/08/2019;2,2425563;1,0805733;1,1878549;11,95641776;1,2111634
13/08/2019;2,3344611;1,0803242;1,2130554;12,22513173;1,2182522
12/08/2019;2,2872219;1,0800789;1,2317663;12,17548381;1,215623
09/08/2019;2,3268492;1,0798328;1,3413548;12,30198631;1,2190036
08/08/2019;2,3141569;1,0795856;1,3348468;12,16786088;1,2194927
07/08/2019;2,2729713;1,0793379;1,3231446;12,01914465;1,2142459
06/08/2019;2,2857564;1,0790915;1,3260768;11,95628142;1,2107193
05/08/2019;2,2447262;1,0788443;1,3240947;11,76622431;1,202315
02/08/2019;2,2969245;1,078617;1,3301252;11,93012198;1,2126637
01/08/2019;2,2725104;1,0783541;1,3408625;11,95185214;1,2125433
31/07/2019;2,2524589;1,0780887;1,3460661;11,92132953;1,2093278
30/07/2019;2,2543238;1,0778236;1,344007;11,9746314;1,2119469
29/07/2019;2,2545343;1,077557;1,3417064;11,96338535;1,2128164
26/07/2019;2,2348702;1,0772921;1,3451139;11,90196975;1,2123203
25/07/2019;2,2223407;1,0770272;1,3460952;11,87322908;1,2102962
24/07/2019;2,2389523;1,076762;1,3484673;11,98065444;1,2150592
23/07/2019;2,2402004;1,0764971;1,3511459;11,98995016;1,2133399
22/07/2019;2,2649084;1,0762325;1,3473624;11,99321203;1,2114319
19/07/2019;2,263988;1,0759679;1,3562664;12,01345182;1,2102216
18/07/2019;2,2953231;1,0757036;1,3499937;12,10259916;1,212543
17/07/2019;2,2671075;1,075439;1,3508909;12,0442964;1,210437
16/07/2019;2,2297032;1,0751747;1,3506526;11,99888573;1,2101741
15/07/2019;2,2201738;1,0749102;1,3511499;12,04268407;1,2111376
12/07/2019;2,2068732;1,0746461;1,3527642;11,98982619;1,2106538
11/07/2019;2,2141288;1,0743817;1,3480053;12,06283717;1,213326
10/07/2019;2,2417037;1,0741176;1,3494752;12,10472861;1,2139615
09/07/2019;2,2288513;1,0738535;1,3510905;12,04339103;1,20719
08/07/2019;2,2290166;1,0735897;1,3500298;12,04414195;1,2069381
05/07/2019;2,2004722;1,0733256;1,3374164;11,90005407;1,2030072
04/07/2019;2,167142;1,0730618;1,3357791;11,84204044;1,2029396
03/07/2019;2,1380842;1,0727978;1,3339739;11,6916595;1,1988532
02/07/2019;2,0961235;1,0725337;1,3339828;11,57240502;1,1958758
01/07/2019;2,0942591;1,0722703;1,3383313;11,52059475;1,1987534
28/06/2019;2,1023868;1,0720065;1,3337917;11,54016639;1,1978673
27/06/2019;2,0949237;1,0717415;1,3250925;11,4934042;1,1962916
26/06/2019;2,0812216;1,0714782;1,3224313;11,44457568;1,1947447
25/06/2019;2,0777943;1,0712146;1,324551;11,39751212;1,19375
24/06/2019;2,1165309;1,0709512;1,3266575;11,54938207;1,197309
21/06/2019;2,1120855;1,0706881;1,3209833;11,44542225;1,1969666
19/06/2019;2,0798527;1,0704246;1,3111759;11,3822724;1,1907651
18/06/2019;2,0517726;1,0701614;1,3088009;11,31113375;1,1880731
17/06/2019;2,0180499;1,0698983;1,3065163;11,16041122;1,1842986
14/06/2019;2,0470406;1,0696354;1,3035895;11,18014562;1,184993
13/06/2019;2,0529155;1,0693724;1,303166;11,20383522;1,1863685
12/06/2019;1,9977684;1,0691083;1,3014115;11,13228106;1,1847268
11/06/2019;2,0109632;1,0688455;1,2896501;11,16116732;1,1861546
10/06/2019;1,9836113;1,0685837;1,2734168;11,06340046;1,1824407
07/06/2019;1,9740292;1,0683204;1,2764445;11,10584499;1,181623
06/06/2019;1,9504635;1,0680576;1,2829011;11,03931474;1,1788955
05/06/2019;1,9592537;1,0677952;1,2933946;10,96011972;1,1759475
04/06/2019;1,9781226;1,0675325;1,2894278;11,00580466;1,1798554
03/06/2019;2,0152174;1,0672676;1,2857283;10,9675007;1,1754975
31/05/2019;2,0273775;1,0670051;1,2847584;10,91860067;1,1732349
30/05/2019;2,0128017;1,0667429;1,2821363;10,8497533;1,1732013
29/05/2019;2,0096213;1,0664807;1,2791969;10,77435722;1,1711739
28/05/2019;2,0062661;1,0662171;1,2749356;10,81885451;1,1688395
27/05/2019;1,9704441;1,0659552;1,2742931;10,69673136;1,1644018
24/05/2019;1,9395018;1,0656931;1,268866;10,5725166;1,162928
23/05/2019;1,9729136;1,0654312;1,2624038;10,65898574;1,1629594
22/05/2019;1,9775015;1,0651694;1,2621666;10,68453282;1,1630597
21/05/2019;1,9735118;1,0649071;1,2610852;10,69766464;1,1623347
20/05/2019;1,9097438;1,0646447;1,2508058;10,51578031;1,1558741
17/05/2019;1,8707484;1,064383;1,2544146;10,3912778;1,1521724
16/05/2019;1,8643396;1,0641216;1,2588578;10,36944704;1,155355
15/05/2019;1,9113396;1,0638596;1,2682106;10,50038877;1,1586614
14/05/2019;1,9464968;1,0635982;1,2694852;10,53770367;1,1588708
13/05/2019;1,9480199;1,0633368;1,2677507;10,52134239;1,1571074
10/05/2019;2,0112267;1,0630753;1,2783051;10,69463847;1,1616108
09/05/2019;2,0163863;1,0628137;1,2805566;10,73742988;1,1606063
08/05/2019;2,0372716;1,0625517;1,2648936;10,67289743;1,1607692
07/05/2019;2,0258708;1,0622905;1,2521616;10,59718881;1,1572465
06/05/2019;2,0588505;1,0620296;1,2545481;10,61155018;1,1583061
03/05/2019;2,0673544;1,0617664;1,2543876;10,62891324;1,159764
02/05/2019;2,0530105;1,0615054;1,2438688;10,59735282;1,1565297
30/04/2019;2,0794001;1,0612447;1,2431252;10,58209312;1,158967
29/04/2019;2,0598578;1,060984;1,2404173;10,57339536;1,1575835
26/04/2019;2,0613982;1,0607232;1,241902;10,55831224;1,1581683
25/04/2019;2,0576688;1,0604628;1,2437057;10,54542808;1,1585128
24/04/2019;2,0360079;1,0602034;1,2473301;10,39596241;1,1564015
23/04/2019;2,0425345;1,0599421;1,2584024;10,4781725;1,1608227
22/04/2019;2,037086;1,0596807;1,2539363;10,37481569;1,1568648
18/04/2019;2,0518921;1,0594196;1,2537817;10,33820577;1,1556153
17/04/2019;2,025859;1,0591594;1,2419327;10,29170554;1,1528335
16/04/2019;2,0456635;1,0588991;1,2373231;10,33503087;1,1551306
15/04/2019;2,0411173;1,0586369;1,2370189;10,26622339;1,1539304
12/04/2019;2,0509853;1,0583771;1,2370556;10,28388496;1,1521803
11/04/2019;2,0809685;1,0581176;1,2414579;10,42257071;1,1558961
10/04/2019;2,0893376;1,0578578;1,2419961;10,51619161;1,1592645
09/04/2019;2,1005092;1,0575966;1,2391851;10,55559441;1,1580362
08/04/2019;2,1244508;1,0573369;1,2440043;10,60735776;1,1605004
05/04/2019;2,126587;1,0570772;1,2460954;10,61976449;1,1604898
04/04/2019;2,1300233;1,0568169;1,2476788;10,56301132;1,1586697
03/04/2019;2,1118859;1,0565572;1,2452703;10,48640119;1,1553396
02/04/2019;2,1336844;1,0562974;1,2465655;10,51800253;1,1580412
01/04/2019;2,1463836;1,0560389;1,2453958;10,53535077;1,1583422
29/03/2019;2,1399466;1,05578;1,2461952;10,46771781;1,1547462
28/03/2019;2,1292708;1,0555207;1,2411168;10,37304712;1,1541512
27/03/2019;2,0895254;1,0552594;1,2200699;10,16048768;1,1454663
26/03/2019;2,1550709;1,0550006;1,2378995;10,45592924;1,1567932
25/03/2019;2,1313929;1,0547412;1,2469261;10,34057465;1,155922
22/03/2019;2,1306452;1,0544813;1,2443027;10,3730356;1,1540797
21/03/2019;2,181708;1,0542226;1,2532102;10,61871828;1,1667278
20/03/2019;2,181167;1,0539632;1,2621473;10,68917931;1,1703152
19/03/2019;2,2035725;1,0537048;1,2584982;10,79646371;1,1698421
18/03/2019;2,2260574;1,0534466;1,2689506;10,84388786;1,1697688
15/03/2019;2,2033083;1,0531847;1,2658453;10,80654509;1,1664216
14/03/2019;2,1986549;1,05293;1,2653939;10,76351085;1,1642054
13/03/2019;2,2015625;1,0526754;1,2623639;10,79177111;1,1668875
12/03/2019;2,1931074;1,0524206;1,2577293;10,69612055;1,1631785
11/03/2019;2,2179667;1,0521656;1,2506045;10,67675404;1,1616922
08/03/2019;2,1876048;1,051911;1,2442184;10,52664569;1,1561645
07/03/2019;2,1659607;1,0516544;1,2500045;10,38999296;1,1532859
06/03/2019;2,1505282;1,0513997;1,2526925;10,41750482;1,1531112
01/03/2019;2,1689634;1,0511455;1,2574025;10,49615555;1,1525606
28/02/2019;2,1788248;1,050891;1,2613885;10,48450242;1,1529273
27/02/2019;2,2029554;1,0506366;1,2547079;10,61361219;1,1550297
26/02/2019;2,2237512;1,0503822;1,2515559;10,59750019;1,1541453
25/02/2019;2,2057578;1,0501282;1,2528001;10,63155149;1,1539558
22/02/2019;2,2173364;1,0498741;1,2524875;10,62331784;1,155237
21/02/2019;2,1816517;1,0496191;1,2625478;10,58306175;1,1533531
20/02/2019;2,1761489;1,049365;1,2620593;10,62578179;1,1534421
19/02/2019;2,2033033;1,049111;1,263595;10,71866806;1,1566354
18/02/2019;2,1805829;1,0488572;1,2712921;10,64213512;1,153366
15/02/2019;2,1885287;1,0486032;1,274872;10,71332801;1,1574955
14/02/2019;2,1969685;1,0483497;1,2691499;10,69810466;1,1551785
13/02/2019;2,1624163;1,0480959;1,267122;10,53314345;1,149356
12/02/2019;2,1630013;1,0478425;1,2528311;10,54786721;1,1482797
11/02/2019;2,1505556;1,0475892;1,2475298;10,39676462;1,1426327
08/02/2019;2,1624184;1,0473357;1,2493318;10,48321828;1,1443757
07/02/2019;2,1588622;1,0470824;1,2493069;10,43221193;1,1457185
06/02/2019;2,1630661;1,046829;1,2510625;10,49803677;1,1491742
05/02/2019;2,2202391;1,0465757;1,2512498;10,69450491;1,1559144
04/02/2019;2,2110751;1,0463226;1,2455093;10,66204628;1,1564134
01/02/2019;2,2052776;1,0460691;1,2459739;10,59169807;1,1563309
31/01/2019;2,1876727;1,0458161;1,2455729;10,47058948;1,1538043
30/01/2019;2,2066863;1,0455624;1,2384589;10,46510569;1,1454635
29/01/2019;2,1772862;1,0453097;1,226243;10,37428674;1,1427427
28/01/2019;2,1665447;1,0450565;1,2230979;10,36753964;1,1388427
25/01/2019;2,2062326;1,0448038;1,2203013;10,41699808;1,1424014
24/01/2019;2,2063598;1,044551;1,2196771;10,41178735;1,1419929
23/01/2019;2,1711746;1,0442978;1,2141213;10,32910929;1,1404516
22/01/2019;2,1315003;1,0440453;1,2162429;10,21949293;1,1360609
21/01/2019;2,1535681;1,0437927;1,2214379;10,27865609;1,1367537
18/01/2019;2,1482688;1,0435403;1,2169309;10,24280202;1,1362578
17/01/2019;2,1439785;1,0432877;1,2162546;10,17466604;1,1347192
16/01/2019;2,1351776;1,0430357;1,2199803;10,08717108;1,132067
15/01/2019;2,1214414;1,0427837;1,2246996;10,10565658;1,1309759
14/01/2019;2,101241;1,0425313;1,2137788;10,10696786;1,1336394
11/01/2019;2,0757599;1,0422793;1,209642;9,97728318;1,1303444
10/01/2019;2,0832502;1,042027;1,1973446;9,80056937;1,1308834
09/01/2019;2,0769534;1,0417747;1,1937303;9,69735597;1,1319435
08/01/2019;2,0460864;1,0415222;1,1869503;9,56628544;1,1262188
07/01/2019;2,0444752;1,0412702;1,1916791;9,49501587;1,1241893
04/01/2019;2,0514819;1,0410186;1,1885598;9,58322915;1,1258807
03/01/2019;2,0505291;1,0407663;1,1788403;9,6137827;1,1221631
02/01/2019;2,0568812;1,0405141;1,1671677;9,55078546;1,1196081
31/12/2018;2,0046226;1,0402622;1,1642009;9,33826368;1,109876
28/12/2018;2,0047312;1,0400105;1,1598523;9,33851813;1,1095462
27/12/2018;1,9425153;1,039758;1,1595977;9,18351106;1,1040411
26/12/2018;1,9592755;1,0395067;1,1609395;9,10845858;1,101918
24/12/2018;1,9818677;1,0392554;1,1541847;9,18611088;1,1008261
21/12/2018;1,9819957;1,0390043;1,1563009;9,18920544;1,1011389
20/12/2018;1,9549625;1,0387524;1,1573157;9,13047134;1,1019598
19/12/2018;1,9663984;1,0385008;1,1607498;9,13786712;1,1006037
18/12/2018;1,9711657;1,0382486;1,1644734;9,2211364;1,1001443
17/12/2018;1,9614108;1,0379959;1,1631912;9,11604932;1,100074
14/12/2018;1,9689708;1,0377453;1,1666006;9,23397491;1,1023784
13/12/2018;1,9714618;1,0374942;1,1730889;9,23400936;1,1028574
12/12/2018;1,9658674;1,0372427;1,1773083;9,16954416;1,1001865
11/12/2018;1,9504595;1,0369912;1,1805264;9,15208;1,0964678
10/12/2018;1,9412667;1,0367399;1,1801768;9,08372727;1,0955618
07/12/2018;1,9861589;1,0364901;1,1811784;9,17146858;1,1001189
06/12/2018;2,0003009;1,0362395;1,1841948;9,19269834;1,1018202
05/12/2018;2,0222872;1,0359888;1,1856392;9,13688466;1,1020897
04/12/2018;2,0195446;1,0357369;1,1849443;9,0139081;1,1015372
03/12/2018;2,0492188;1,035487;1,1915389;9,07759978;1,105544
30/11/2018;2,0444786;1,0352359;1,1851121;9,0318018;1,1037052
29/11/2018;2,0542742;1,0349854;1,1773569;9,08893807;1,1028698
28/11/2018;2,0398254;1,0347345;1,169975;9,03746308;1,1023725
27/11/2018;2,023258;1,0344837;1,1734567;8,83340761;1,0968024
26/11/2018;1,9699843;1,0342346;1,1812271;8,67057787;1,0928845
23/11/2018;1,9903988;1,033984;1,1671143;8,72046271;1,0976507
22/11/2018;2,0222678;1,0337333;1,165166;8,77345956;1,0981856
21/11/2018;2,0003682;1,0334825;1,1602697;8,7828213;1,0972341
20/11/2018;2,0139955;1,0332328;1,1579457;8,76437273;1,0963304
19/11/2018;2,0141055;1,0329823;1,1619245;8,76517279;1,0967502
16/11/2018;2,0305089;1,0327338;1,1579364;8,80576609;1,0989342
14/11/2018;1,9887011;1,0324835;1,1684381;8,59100535;1,0888835
13/11/2018;1,9496191;1,0322345;1,1645371;8,51302308;1,0844713
12/11/2018;1,9573399;1,031988;1,1636505;8,55228355;1,0872831
09/11/2018;1,9453742;1,0317386;1,1661522;8,49559709;1,089024
08/11/2018;1,9671169;1,0314891;1,1679322;8,4339547;1,0897307
07/11/2018;2,0198658;1,0312398;1,1782615;8,57880853;1,0950128
06/11/2018;2,0523132;1,0309902;1,1769376;8,63491117;1,0965146
05/11/2018;2,1049303;1,0307404;1,1716311;8,64460304;1,09802
01/11/2018;2,0647425;1,0304926;1,1687789;8,58023495;1,0962898
31/10/2018;2,0551202;1,0302431;1,1668704;8,44159896;1,0931063
30/10/2018;2,0212315;1,0299921;1,1628231;8,41743304;1,0921655
29/10/2018;1,9916854;1,029747;1,1759843;8,23768809;1,0866079
26/10/2018;2,0366169;1,029501;1,1824858;8,30102935;1,0900678
25/10/2018;2,0303704;1,0292525;1,1880426;8,25301039;1,0833147
24/10/2018;2,0148487;1,0290032;1,1902639;8,19757422;1,0816245
23/10/2018;2,0472779;1,0287538;1,1900723;8,25854954;1,0870519
22/10/2018;2,0464736;1,0285057;1,1861522;8,17947403;1,0875628
19/10/2018;2,0204319;1,0282577;1,1902289;8,09774667;1,0836238
18/10/2018;1,9965346;1,0280088;1,1844783;8,09261091;1,0831711
17/10/2018;2,0167085;1,0277599;1,1847363;8,15918847;1,0875057
16/10/2018;2,0013535;1,0275103;1,1861582;8,02753122;1,0847763
15/10/2018;1,9451693;1,0272614;1,184923;7,89703557;1,0767239
11/10/2018;1,9453332;1,0270118;1,1843928;7,91337116;1,0716805
10/10/2018;1,9366114;1,0267613;1,1735181;7,95492661;1,0724199
09/10/2018;1,9912342;1,0265111;1,1595803;8,09188089;1,0787805
08/10/2018;1,9872106;1,026262;1,153749;8,01911839;1,0750715
05/10/2018;1,924364;1,0260133;1,1372897;7,74468964;1,0665563
04/10/2018;1,9269246;1,0257629;1,1306719;7,67803671;1,0693026
03/10/2018;1,9309852;1,0255114;1,1200656;7,65474623;1,0692828
02/10/2018;1,891302;1,0252627;1,1163173;7,51171451;1,0660528
01/10/2018;1,8229226;1,0250118;1,1201226;7,34469188;1,0631697
28/09/2018;1,8282539;1,0247639;1,1086368;7,67231788;1,0632037
27/09/2018;1,8451925;1,0245164;1,1086846;7,69776554;1,0643144
26/09/2018;1,817974;1,0242669;1,1103907;7,59906908;1,0621731
25/09/2018;1,8274129;1,0240169;1,1088708;7,63095684;1,0620441
24/09/2018;1,7992127;1,0237695;1,1141374;7,63513021;1,061346
21/09/2018;1,8280685;1,0235224;1,1140097;7,69607688;1,0612175
20/09/2018;1,799882;1,0232748;1,1039548;7,63686409;1,0596624
19/09/2018;1,8095781;1,0230248;1,1031516;7,68000463;1,0592583
18/09/2018;1,8309292;1,0227786;1,099624;7,70322783;1,0593873
17/09/2018;1,7931292;1,0225287;1,101027;7,65767231;1,0583443
14/09/2018;1,7720205;1,0222891;1,098399;7,55372605;1,0570112
13/09/2018;1,7578548;1,0220298;1,094067;7,58948072;1,0564695
12/09/2018;1,7794062;1,021779;1,1013025;7,6691647;1,0555859
11/09/2018;1,7751803;1,0215294;1,0952365;7,70174126;1,0542173
10/09/2018;1,801052;1,0212808;1,097408;7,7604903;1,0553386
06/09/2018;1,8141852;1,021033;1,1055477;7,69957707;1,053358
05/09/2018;1,7926393;1,0207841;1,1056313;7,67297734;1,0519742
04/09/2018;1,762669;1,0205345;1,1044776;7,67212634;1,0518852
03/09/2018;1,8087741;1,0202863;1,112751;7,81519126;1,0533285
31/08/2018;1,8198245;1,0200388;1,1142752;7,8267531;1,0551058
30/08/2018;1,8194777;1,0197894;1,1136592;7,78590386;1,0527692
29/08/2018;1,8588949;1,0195421;1,1167938;7,92870553;1,0591636
28/08/2018;1,8508851;1,0192946;1,1222007;7,88114956;1,0571783
27/08/2018;1,8583747;1,0190463;1,1193941;7,90005727;1,0583978
24/08/2018;1,8353165;1,0188038;1,1194495;7,82974872;1,055161
23/08/2018;1,8235991;1,0185512;1,1248509;7,78638607;1,0535146
22/08/2018;1,840718;1,0183053;1,1312343;7,98470548;1,0558857
21/08/2018;1,7980108;1,018057;1,1345623;7,86793486;1,0522428
20/08/2018;1,8301481;1,0178096;1,1356879;8,02078461;1,0564915
17/08/2018;1,8190699;1,0175629;1,1383571;7,96874169;1,0573903
16/08/2018;1,8296312;1,0173162;1,1348663;8,03780476;1,0575416
15/08/2018;1,8444896;1,0170704;1,1232056;8,0544858;1,0571556
14/08/2018;1,8958929;1,016825;1,0958863;8,15025414;1,0608142
13/08/2018;1,8805597;1,0165781;1,0851543;8,12017877;1,0550614
10/08/2018;1,851206;1,0163327;1,0807387;7,96848876;1,0541292
09/08/2018;1,9033584;1,0160862;1,0821497;8,09072613;1,0622128
08/08/2018;1,8820734;1,0158391;1,0874658;8,15302805;1,0644536
07/08/2018;1,919552;1,0155942;1,085574;8,20121536;1,064466
06/08/2018;1,9013191;1,0153487;1,0834508;8,3117827;1,0662367
03/08/2018;1,8919319;1,0151022;1,079466;8,35333399;1,0658944
02/08/2018;1,8695662;1,0148572;1,0868196;8,27302348;1,0632506
01/08/2018;1,8540623;1,014612;1,0908861;8,24860787;1,0608813
31/07/2018;1,8517168;1,0143671;1,0893455;8,13095038;1,059573
30/07/2018;1,8486678;1,0141225;1,0900098;8,21495209;1,0601655
27/07/2018;1,8404898;1,0138774;1,0920196;8,24183157;1,060859
26/07/2018;1,8360497;1,0136327;1,0967728;8,2679504;1,0621639
25/07/2018;1,8551167;1,0133876;1,0892916;8,27265713;1,0628551
24/07/2018;1,8496871;1,0131431;1,0936281;8,2197276;1,0595263
23/07/2018;1,8131083;1,0128985;1,1011187;8,19252628;1,0594982
20/07/2018;1,8152052;1,012654;1,0970776;8,24819658;1,0611683
19/07/2018;1,8017108;1,0124097;1,0899912;8,12607688;1,0609158
18/07/2018;1,792839;1,012165;1,0856744;8,04663529;1,0608241
17/07/2018;1,8164724;1,0119176;1,0886029;8,11037389;1,0613518
16/07/2018;1,7888701;1,0116716;1,0943089;8,06593815;1,0601311
13/07/2018;1,7835849;1,0114275;1,0930363;8,04407378;1,0597461
12/07/2018;1,7664522;1,011183;1,0950226;8,04128579;1,0610473
11/07/2018;1,7255009;1,0109395;1,1035258;8,00659422;1,0616546
10/07/2018;1,7473691;1,0106995;1,0977907;7,99539531;1,0602358
09/07/2018;1,7566353;1,010458;1,0995743;8,01878587;1,0588351
06/07/2018;1,7567688;1,010218;1,0974611;8,01847981;1,0596812
05/07/2018;1,734979;1,0099757;1,1015056;7,90747197;1,0575556
04/07/2018;1,7502071;1,0097331;1,0925187;7,9245255;1,0548713
03/07/2018;1,730309;1,0094885;1,087472;7,8116263;1,0527178
02/07/2018;1,7350325;1,0092404;1,0787194;7,74460759;1,0512133
29/06/2018;1,7425899;1,0089955;1,0686901;7,7618616;1,0508102
28/06/2018;1,7130307;1,0087491;1,0694469;7,7224496;1,0527912
27/06/2018;1,7022922;1,0085052;1,0716893;7,65389882;1,0473667
26/06/2018;1,7102419;1,0082608;1,066594;7,65783529;1,0494873
25/06/2018;1,6998164;1,0080139;1,063053;7,66317607;1,0471809
22/06/2018;1,6894207;1,0077666;1,0670963;7,66539103;1,0460844
21/06/2018;1,6786309;1,0075027;1,0673739;7,65820654;1,0433934
20/06/2018;1,70105;1,0072554;1,0719376;7,74252852;1,0463788
19/06/2018;1,7004749;1,0070003;1,0685327;7,69681103;1,0455868
18/06/2018;1,6780264;1,0067566;1,0536363;7,60907802;1,0429437
15/06/2018;1,6908562;1,0065009;1,0505274;7,66182999;1,0420719
14/06/2018;1,6651625;1,0062515;1,0505031;7,75184792;1,0394821
13/06/2018;1,6514731;1,0059976;1,0489736;7,82579555;1,0439093
12/06/2018;1,6532729;1,0057329;1,0461852;7,79162179;1,0445558
11/06/2018;1,6390575;1,0054921;1,0505836;7,74156057;1,0437596
08/06/2018;1,6435047;1,0052496;1,0534551;7,77207611;1,044597
07/06/2018;1,6762409;1,005008;1,0546399;7,77251647;1,0422884
06/06/2018;1,7426006;1,0047669;1,0496146;8,00022977;1,0512719
05/06/2018;1,7442496;1,0045263;1,0589733;8,14581743;1,0526763
04/06/2018;1,7689752;1,0042855;1,0594365;8,33764247;1,0564056
01/06/2018;1,7166617;1,0040449;1,069433;8,27798331;1,0548505
30/05/2018;1,7150462;1,003808;1,0710009;8,18731799;1,0521172
29/05/2018;1,6927027;1,0035699;1,0707794;8,07941796;1,0512501
28/05/2018;1,6867194;1,0033287;1,0825069;7,98980908;1,0525328
25/05/2018;1,7630404;1,0030913;1,0758679;8,258573;1,0550663
24/05/2018;1,7861096;1,0028502;1,0753657;8,3773372;1,0568887
23/05/2018;1,7887489;1,0026147;1,0773569;8,38496062;1,0585136
22/05/2018;1,823201;1,0023841;1,0758173;8,45316235;1,0591992
21/05/2018;1,820679;1,0021435;1,0722218;8,31543588;1,0526575
18/05/2018;1,8354514;1,0019129;1,0666699;8,28788367;1,0503305
17/05/2018;1,8491504;1,0016745;1,0732537;8,31400038;1,0548407
16/05/2018;1,8948854;1,001436;1,0606186;8,43965393;1,0603919
15/05/2018;1,8609485;1,0011962;1,0656998;8,35990249;1,0580007
14/05/2018;1,8525305;1,0009585;1,0653378;8,37488287;1,0603475
11/05/2018;1,8358437;1,0007194;1,0741529;8,49339269;1,0633388
10/05/2018;1,832418;1,000477;1,0733798;8,47285654;1,0652909
09/05/2018;1,8138497;1,0002382;1,0754253;8,44727427;1,0608713
08/05/2018;1,7719103;1;1,0807379;8,41981916;1,0591157
07/05/2018;1,7247489;;1,0842475;8,40172092;1,0616115
04/05/2018;1,7373401;;1,0805853;8,3493942;1,0619301
03/05/2018;1,738873;;1,080936;8,33093907;1,061745
02/05/2018;1,7713407;;1,0817832;8,39621848;1,0625289
30/04/2018;1,7876129;;1,0796414;8,46385724;1,0649782
27/04/2018;1,7777738;;1,0803265;8,50778884;1,0660932
26/04/2018;1,7743959;;1,0839373;8,47350287;1,0652298
25/04/2018;1,7433137;;1,0923864;8,41976749;1,0623026
24/04/2018;1,7515143;;1,0937157;8,42536587;1,060078
23/04/2018;1,7501218;;1,090874;8,4565428;1,0631046
20/04/2018;1,7411806;;1,0938422;8,4853026;1,0618387
19/04/2018;1,7323373;;1,0901806;8,44065488;1,0639399
18/04/2018;1,7332249;;1,0928017;8,42508537;1,0639158
17/04/2018;1,7148423;;1,1020349;8,34689363;1,0613773
16/04/2018;1,6862152;;1,1043142;8,30491439;1,0592152
13/04/2018;1,7040221;;1,1001536;8,3482473;1,0602874
12/04/2018;1,7192799;;1,0985424;8,38733677;1,0619002
11/04/2018;1,7045233;;1,0926345;8,36603586;1,0603219
10/04/2018;1,7022621;;1,0918651;8,33144223;1,0592763
09/04/2018;1,6873206;;1,0922345;8,30211107;1,0574929
06/04/2018;1,7098909;;1,0843972;8,3488467;1,0584148
05/04/2018;1,7100385;;1,0764528;8,39969657;1,0607799
04/04/2018;1,681752;;1,0727166;8,38496482;1,0587524
03/04/2018;1,6781418;;1,0647834;8,38935383;1,0587604
02/04/2018;1,683667;;1,0581184;8,39319662;1,0589931
29/03/2018;1,6957532;;1,0620497;8,49187733;1,0620841
28/03/2018;1,663256;;1,0689406;8,33955776;1,0604927
27/03/2018;1,6625924;;1,0748327;8,40573433;1,0612278
26/03/2018;1,699293;;1,0697488;8,483066;1,0627148
23/03/2018;1,6698231;;1,0771915;8,45861452;1,0622855
22/03/2018;1,6792886;;1,0790767;8,53900493;1,0620158
21/03/2018;1,6756401;;1,0747093;8,46600365;1,0594839
20/03/2018;1,6529526;;1,0687678;8,43685767;1,0580768
19/03/2018;1,653539;;1,0674299;8,44558055;1,0585911
16/03/2018;1,6705608;;1,0748064;8,4506106;1,059963
15/03/2018;1,6612933;;1,0738365;8,4584751;1,0576541
14/03/2018;1,677861;;1,0721038;8,45728719;1,0586277
13/03/2018;1,6780033;;1,0729151;8,45902083;1,0580059
12/03/2018;1,6789674;;1,0688962;8,41732583;1,057984
09/03/2018;1,6616646;;1,0688997;8,31282518;1,0580084
08/03/2018;1,6358527;;1,0667065;8,23657655;1,0574923
07/03/2018;1,6358228;;1,0650431;8,19389912;1,0584473
06/03/2018;1,6401359;;1,0700741;8,21909592;1,058907
05/03/2018;1,6475208;;1,0715685;8,21442653;1,05822
02/03/2018;1,6527476;;1,0737498;8,22411593;1,0567699
01/03/2018;1,6443977;;1,0757943;8,28265367;1,0556982
28/02/2018;1,6508876;;1,0742874;8,21605599;1,0567998
27/02/2018;1,6685014;;1,0714731;8,32427263;1,057199
26/02/2018;1,679427;;1,0691606;8,33425464;1,0565415
23/02/2018;1,6499787;;1,063731;8,33133413;1,055536
22/02/2018;1,627243;;1,0731903;8,31619638;1,0547689
21/02/2018;1,6151555;;1,0842732;8,33209671;1,0544236
20/02/2018;1,6294904;;1,0835564;8,33143554;1,0542787
19/02/2018;1,608523;;1,0923291;8,34359806;1,0535192
16/02/2018;1,5727815;;1,0895699;8,22992046;1,0536574
15/02/2018;1,5667655;;1,0855109;8,17716737;1,0529069
14/02/2018;1,5446093;;1,0805062;8,2373877;1,0504267
09/02/2018;1,5191312;;1,0808639;8,0712082;1,0470912
08/02/2018;1,5379439;;1,0781695;8,11330039;1,0485718
07/02/2018;1,5634454;;1,0786543;8,14676442;1,0491503
06/02/2018;1,5773737;;1,073758;8,1440703;1,0488472
05/02/2018;1,5625203;;1,0846401;8,14303992;1,0487196
02/02/2018;1,594624;;1,0835139;8,22386072;1,0505705
01/02/2018;1,6142845;;1,0785761;8,28784495;1,0533541
31/01/2018;1,6013427;;1,0753353;8,26761691;1,0514063
30/01/2018;1,6051142;;1,0742648;8,22950821;1,0502021
29/01/2018;1,6085799;;1,0820567;8,23494556;1,0500716
26/01/2018;1,5898739;;1,07617;8,23019124;1,0513318
25/01/2018;1,5704315;;1,0659404;8,1378997;1,0479728
24/01/2018;1,5704715;;1,0637577;8,13814127;1,0480093
23/01/2018;1,5409363;;1,0493232;7,91255472;1,0423369
22/01/2018;1,5727352;;1,0464121;7,99766393;1,0442362
19/01/2018;1,5638099;;1,0483894;7,99929975;1,0447734
18/01/2018;1,5513015;;1,0482435;7,97434409;1,0441255
17/01/2018;1,5506531;;1,0467557;8,00528186;1,0430561
16/01/2018;1,549279;;1,0470782;8,07219105;1,0422285
15/01/2018;1,5530815;;1,0468176;7,99047534;1,042745
12/01/2018;1,5354017;;1,0495847;7,91502498;1,0408968
11/01/2018;1,5379387;;1,0436016;7,90575744;1,0376605
10/01/2018;1,5256977;;1,0395913;7,84205882;1,0354849
09/01/2018;1,5320775;;1,0291392;7,82072994;1,0353157
08/01/2018;1,5442586;;1,03169;7,86028401;1,0358321
05/01/2018;1,5420067;;1,0270718;7,84367403;1,0348234
04/01/2018;1,5386045;;1,0256839;7,80938816;1,0352651
03/01/2018;1,5213793;;1,0242023;7,78147918;1,034365
02/01/2018;1,5279216;;1,0142526;7,76272456;1,033426
29/12/2017;1,514384;;1,0135138;7,64689831;1,0300599
28/12/2017;1,5144647;;1,0128089;7,64704814;1,0293654
27/12/2017;1,5023255;;1,0065044;7,61106358;1,0272545
26/12/2017;1,4943488;;1,005873;7,59344256;1,0252106
22/12/2017;1,4804984;;1,0058719;7,5306292;1,022445
21/12/2017;1,4725549;;1,009063;7,5021446;1,0223463
20/12/2017;1,4401122;;1,0163616;7,40526781;1,0217069
19/12/2017;1,4158705;;1,0116742;7,34544376;1,0186628
18/12/2017;1,4294072;;1,0148225;7,39429637;1,0187265
15/12/2017;1,4153463;;1,0215584;7,37297921;1,0194669
14/12/2017;1,4111538;;1,0196742;7,30030049;1,0162145
13/12/2017;1,4131154;;1,0168318;7,33436722;1,0183802
12/12/2017;1,421293;;1,0125056;7,34007006;1,0180084
11/12/2017;1,4092335;;1,0169089;7,30719574;1,0204662
08/12/2017;1,4095968;;1,0144455;7,29748985;1,0203713
07/12/2017;1,3866081;;1,0130837;7,2518107;1,0193777
06/12/2017;1,3791657;;1,0114896;7,26673777;1,0215714
05/12/2017;1,3710912;;1,0233374;7,24638443;1,0219578
04/12/2017;1,3778291;;1,0222005;7,27140491;1,0198404
01/12/2017;1,3706328;;1,0281787;7,27270638;1,0179077
30/11/2017;1,3704673;;1,0305091;7,23769145;1,01541
29/11/2017;1,3924618;;1,032605;7,31679392;1,0189654
28/11/2017;1,4089024;;1,0351406;7,39424696;1,0228407
27/11/2017;1,4124573;;1,0317974;7,3998081;1,022654
24/11/2017;1,4268522;;1,0350398;7,42076192;1,0222985
23/11/2017;1,4183687;;1,0299923;7,44307703;1,0220046
22/11/2017;1,414647;;1,0281189;7,43743158;1,0185902
21/11/2017;1,4089614;;1,0271402;7,42610175;1,0184757
20/11/2017;1,3834768;;1,0262681;7,34622817;1,0155707
17/11/2017;1,3835621;;1,0275157;7,34651525;1,0156287
16/11/2017;1,3641486;;1,0264025;7,26262663;1,0112303
14/11/2017;1,3408003;;1,0246794;7,12375098;1,0073666
13/11/2017;1,3638457;;1,0289807;7,22374655;1,0070662
10/11/2017;1,3572602;;1,032081;7,16408439;1,0083461
09/11/2017;1,3889603;;1,0308975;7,19587703;1,0112451
08/11/2017;1,4145832;;1,0260002;7,24505508;1,0129379
07/11/2017;1,3781625;;1,0298212;7,15213528;1,0087787
06/11/2017;1,4244852;;1,0262332;7,26506619;1,0106459
03/11/2017;1,4332802;;1,0269898;7,24711707;1,0071972
01/11/2017;1,4375719;;1,032681;7,25149987;1,0138003
31/10/2017;1,4416089;;1,0371438;7,28040014;1,0144951
30/10/2017;1,4516933;;1,0365093;7,30502165;1,0136455
27/10/2017;1,4575409;;1,0294055;7,34296415;1,017545
26/10/2017;1,4579374;;1,0234009;7,30207888;1,0141212
25/10/2017;1,4758892;;1,0216554;7,28657695;1,0211038
24/10/2017;1,4797846;;1,0211799;7,28319472;1,0193614
23/10/2017;1,4650561;;1,0271911;7,23721481;1,021649
20/10/2017;1,4861715;;1,0184755;7,28379144;1,0252278
19/10/2017;1,4740499;;1,0147725;7,2468753;1,0255839
18/10/2017;1,4796043;;1,0152314;7,2659862;1,0237997
17/10/2017;1,4692856;;1,0172509;7,21779715;1,0228422
16/10/2017;1,4980361;;1,0024189;7,25295921;1,0215827
13/10/2017;1,4974743;;1,0045058;7,27935153;1,0237092
11/10/2017;1,4946183;;1,0022147;7,25419537;1,0233281
10/10/2017;1,5006631;;0,9990756;7,2344243;1,0222703
09/10/2017;1,4845428;;1,0080874;7,16821705;1,0201603
06/10/2017;1,4882518;;1,0085709;7,14556969;1,0216576
05/10/2017;1,4875498;;0,9994116;7,14368051;1,0192274
04/10/2017;1,4891873;;0,9936402;7,14650996;1,0221729
03/10/2017;1,4831696;;0,9940756;7,15102148;1,020227
02/10/2017;1,4506078;;1,0125437;7,11002605;1,0218241
29/09/2017;1,4435954;;1,0139618;7,08239991;1,020639
28/09/2017;1,4265438;;1,0206009;7,04252706;1,0193875
27/09/2017;1,4256641;;1,0196369;7,05159417;1,0182467
26/09/2017;1,4287403;;1,0169711;7,10855239;1,0208144
25/09/2017;1,4311393;;1,0133932;7,10104178;1,018565
22/09/2017;1,4584865;;1,0151438;7,17759617;1,0235176
21/09/2017;1,4587634;;1,0100055;7,15314663;1,0223158
20/09/2017;1,4645581;;1,0066971;7,13896498;1,0205241
19/09/2017;1,4653298;;1,0029789;7,17019605;1,0201894
18/09/2017;1,4654512;;1,0055712;7,1650284;1,0176914
15/09/2017;1,4571887;;1,0010925;7,12477446;1,0162706
14/09/2017;1,4360345;;1,0011559;7,03892075;1,0152481
13/09/2017;1,4309239;;1,0018457;7,05859048;1,0121944
12/09/2017;1,4261316;;1,0001105;7,0072255;1,0116429
11/09/2017;1,4435394;;1,0036037;7,01265594;1,0129743
08/09/2017;1,4268289;;1,0082077;6,93998383;1,0149111
06/09/2017;1,438441;;1,0032073;6,90717609;1,012556
05/09/2017;1,4168702;;1,005218;6,82505779;1,0089681
04/09/2017;1,4015173;;0,9986843;6,80348419;1,0078927
01/09/2017;1,3642762;;0,9988845;6,78132583;1,007098
31/08/2017;1,3556568;;0,9998607;6,76017026;1,0075906
30/08/2017;1,3250553;;0,9933892;6,78116112;1,0067936
29/08/2017;1,3174953;;0,9962551;6,7840857;1,005088
28/08/2017;1,314016;;0,9963474;6,76813028;1,0044151
25/08/2017;1,300339;;0,9940392;6,72562203;1,0049707
24/08/2017;1,2961388;;0,9909322;6,72355035;1,0031442
23/08/2017;1,2735935;;0,988387;6,67497732;1,0020478
22/08/2017;1,2719594;;0,985489;6,63594274;0,9994592
21/08/2017;1,2639221;;0,994182;6,60857688;0,9996741
18/08/2017;1,2377599;;0,9986195;6,58305536;1
17/08/2017;1,2292688;;1;6,55141783;
16/08/2017;1,2548958;;;6,59862866;
15/08/2017;1,2209925;;;6,60489186;
14/08/2017;1,2235443;;;6,55740244;
11/08/2017;1,1995837;;;6,48893573;
10/08/2017;1,1895724;;;6,48412686;
09/08/2017;1,198372;;;6,50773774;
08/08/2017;1,189743;;;6,52745012;
07/08/2017;1,1919475;;;6,470718;
04/08/2017;1,1750555;;;6,41672555;
03/08/2017;1,1608597;;;6,42792311;
02/08/2017;1,1655937;;;6,40771018;
01/08/2017;1,151931;;;6,36064902;
31/07/2017;1,1412513;;;6,32473787;
28/07/2017;1,1333016;;;6,2793977;
27/07/2017;1,1218552;;;6,21516338;
26/07/2017;1,1207982;;;6,17168128;
25/07/2017;1,1334522;;;6,17823014;
24/07/2017;1,1196523;;;6,06275126;
21/07/2017;1,1133473;;;6,08631312;
20/07/2017;1,1255943;;;6,09883897;
19/07/2017;1,121782;;;6,04051664;
18/07/2017;1,1204729;;;6,05483651;
17/07/2017;1,1066562;;;6,02726746;
14/07/2017;1,096308;;;6,02283792;
13/07/2017;1,0703326;;;5,98917051;
12/07/2017;1,0696444;;;5,97399925;
11/07/2017;1,0402783;;;5,954549;
10/07/2017;1,0363325;;;5,9485633;
07/07/2017;1,0176318;;;5,8968527;
06/07/2017;1,0012048;;;5,89468201;
05/07/2017;1,0067907;;;5,89757903;
04/07/2017;1,0069226;;;5,9125355;
03/07/2017;1,0026279;;;5,90066396;
30/06/2017;0,9979309;;;5,8930839;
29/06/2017;0,9840996;;;5,85575618;
28/06/2017;0,9879196;;;5,82216425;
27/06/2017;0,9881466;;;5,84233281;
26/06/2017;0,9889606;;;5,84924424;
23/06/2017;0,9827713;;;5,87423597;
22/06/2017;0,9820633;;;5,87732743;
21/06/2017;0,9842681;;;5,83363149;
20/06/2017;0,9835443;;;5,84585141;
19/06/2017;0,9928026;;;5,91529364;
16/06/2017;0,9921047;;;5,88674875;
14/06/2017;0,9867092;;;5,85706591;
13/06/2017;0,9869647;;;5,83311249;
12/06/2017;0,9884391;;;5,8183348;
09/06/2017;0,990011;;;5,78259048;
08/06/2017;0,9945395;;;5,80486376;
07/06/2017;0,9976825;;;5,84627223;
06/06/2017;0,9845061;;;5,83980763;
05/06/2017;0,9836796;;;5,81834237;
02/06/2017;0,9837254;;;5,82720001;
01/06/2017;0,987345;;;5,82291394;
31/05/2017;0,993381;;;5,84837632;
30/05/2017;1,0046253;;;5,88168004;
29/05/2017;1,0029748;;;5,89371139;
26/05/2017;0,9994875;;;5,9187607;
25/05/2017;0,9937238;;;5,84221075;
24/05/2017;0,9918555;;;5,85621947;
23/05/2017;0,9863386;;;5,80879063;
22/05/2017;0,9622675;;;5,71053499;
19/05/2017;0,9838456;;;5,84602309;
18/05/2017;0,9431268;;;5,6977428;
17/05/2017;1,0303698;;;6,04015153;
16/05/2017;1,0478645;;;6,01836017;
15/05/2017;1,0339822;;;5,98369959;
12/05/2017;1,0264637;;;5,94673041;
11/05/2017;1,022863;;;5,90554367;
10/05/2017;1,0361369;;;5,91831593;
09/05/2017;1,0248218;;;5,8705539;
08/05/2017;1,0053415;;;5,82193515;
05/05/2017;1,0040469;;;5,7535534;
04/05/2017;0,9785579;;;5,75166579;
03/05/2017;0,9921439;;;5,7642495;
02/05/2017;0,9967833;;;5,73161728;
28/04/2017;0,9810371;;;5,70046805;
27/04/2017;0,9708684;;;5,62887438;
26/04/2017;0,9657862;;;5,64537237;
25/04/2017;0,9661526;;;5,61768288;
24/04/2017;0,9619324;;;5,57652554;
20/04/2017;0,9577227;;;5,57612224;
19/04/2017;0,9353654;;;5,57665989;
18/04/2017;0,9294564;;;5,57138685;
17/04/2017;0,9283425;;;5,54306334;
13/04/2017;0,9155652;;;5,52293286;
12/04/2017;0,9292182;;;5,54389357;
11/04/2017;0,9466147;;;5,57653236;
10/04/2017;0,9486702;;;5,58663737;
07/04/2017;0,9519238;;;5,56864874;
06/04/2017;0,9440303;;;5,54570298;
05/04/2017;0,9587142;;;5,53873923;
04/04/2017;0,9653862;;;5,5452969;
03/04/2017;0,956353;;;5,54431376;
31/03/2017;0,949896;;;5,54331546;
30/03/2017;0,945694;;;5,5584885;
29/03/2017;0,9457161;;;5,5574908;
28/03/2017;0,9372985;;;5,52935233;
27/03/2017;0,9384837;;;5,50394734;
24/03/2017;0,9380195;;;5,4848551;
23/03/2017;0,9480395;;;5,47967117;
22/03/2017;0,9397392;;;5,49039743;
21/03/2017;0,9429647;;;5,48173301;
20/03/2017;0,9786468;;;5,56478455;
17/03/2017;0,9581714;;;5,51819481;
16/03/2017;0,9792059;;;5,54750002;
15/03/2017;0,9541911;;;5,55296089;
14/03/2017;0,934497;;;5,50213009;
13/03/2017;0,9431543;;;5,56123958;
10/03/2017;0,9250906;;;5,52130032;
09/03/2017;0,9410662;;;5,4761921;
08/03/2017;0,9345567;;;5,61554339;
07/03/2017;0,9536697;;;5,6680186;
06/03/2017;0,9756973;;;5,67690846;
03/03/2017;0,9800588;;;5,58555547;
02/03/2017;0,9833738;;;5,5182207;
01/03/2017;0,9965482;;;5,53198599;
24/02/2017;0,9924286;;;5,48214334;
23/02/2017;0,9935664;;;5,45649264;
22/02/2017;0,9994253;;;5,48716167;
21/02/2017;1;;;5,4841847;
;;;;5,47066033;
;;;;5,4498906;
;;;;5,41972495;
;;;;5,38555829;
;;;;5,32817704;
;;;;5,36313551;
;;;;5,36832485;
;;;;5,27256828;
;;;;5,2357088;
;;;;5,23196091;
;;;;5,2546958;
;;;;5,24409722;
;;;;5,19083232;
;;;;5,16758594;
;;;;5,15969749;
;;;;5,13143144;
;;;;5,191546;
;;;;5,11755903;
;;;;5,08021736;
;;;;5,08007665;
;;;;5,06718251;
;;;;5,09099255;
;;;;5,06687792;
;;;;5,10281073;
;;;;5,10837402;
;;;;5,06210556;
;;;;5,04870596;
;;;;5,03454217;
;;;;4,96571702;
;;;;4,94622004;
;;;;4,94239758;
;;;;4,9492688;
;;;;4,93642904;
;;;;4,91336032;
;;;;4,86074284;
;;;;4,84659092;
;;;;4,80482129;
;;;;4,80494847;
;;;;4,788466;
;;;;4,79873156;
;;;;4,78660353;
;;;;4,77096203;
;;;;4,73107468;
;;;;4,7168965;
;;;;4,69650947;
;;;;4,70395727;
;;;;4,78602738;
;;;;4,7583075;
;;;;4,78155891;
;;;;4,84767681;
;;;;4,83662623;
;;;;4,87449139;
;;;;4,82382188;
;;;;4,83908368;
;;;;4,82237341;
;;;;4,8324022;
;;;;4,84883436;
;;;;4,84558394;
;;;;4,89034007;
;;;;4,84464756;
;;;;4,85356015;
;;;;4,83535073;
;;;;4,87146046;
;;;;4,81719956;
;;;;4,77639633;
;;;;4,76509194;
;;;;4,7409718;
;;;;4,71066564;
;;;;4,74214313;
;;;;4,72383973;
;;;;4,71184458;
;;;;4,82734511;
;;;;4,88697249;
;;;;4,90136826;
;;;;4,89104458;
;;;;4,79701937;
;;;;4,79977168;
;;;;4,86167174;
;;;;4,93075731;
;;;;4,91920727;
;;;;4,91814143;
;;;;4,87016439;
;;;;4,85320369;
;;;;4,85458253;
;;;;4,86970271;
;;;;4,87191527;
;;;;4,86278297;
;;;;4,86690439;
;;;;4,81544225;
;;;;4,79563113;
;;;;4,78736467;
;;;;4,78088215;
;;;;4,80983758;
;;;;4,76065506;
;;;;4,75986236;
;;;;4,74326858;
;;;;4,72875755;
;;;;4,72625453;
;;;;4,75071818;
;;;;4,68227955;
;;;;4,70229659;
;;;;4,67564053;
;;;;4,67994181;
;;;;4,70314279;
;;;;4,68600136;
;;;;4,67488972;
;;;;4,65051242;
;;;;4,6483389;
;;;;4,64359163;
;;;;4,68729584;
;;;;4,67574044;
;;;;4,66959128;
;;;;4,68078546;
;;;;4,69383947;
;;;;4,74683982;
;;;;4,7278742;
;;;;4,72109546;
;;;;4,75664473;
;;;;4,74285824;
;;;;4,74946187;
;;;;4,7586273;
;;;;4,77959432;
;;;;4,75330199;
;;;;4,73168283;
;;;;4,74715529;
;;;;4,74148808;
;;;;4,73287889;
;;;;4,76525625;
;;;;4,77593105;
;;;;4,78411997;
;;;;4,76360665;
;;;;4,78222852;
;;;;4,71996493;
;;;;4,703596;
;;;;4,68694521;
;;;;4,71514985;
;;;;4,7257386;
;;;;4,75078345;
;;;;4,74612147;
;;;;4,72937544;
;;;;4,6942721;
;;;;4,69117766;
;;;;4,72169008;
;;;;4,68194363;
;;;;4,70223825;
;;;;4,66169528;
;;;;4,68631548;
;;;;4,67450381;
;;;;4,6049953;
;;;;4,5897504;
;;;;4,51745997;
;;;;4,49690357;
;;;;4,43858634;
;;;;4,43317864;
;;;;4,38169575;
;;;;4,36790477;
;;;;4,38845394;
;;;;4,36539449;
;;;;4,34355818;
;;;;4,33740072;
;;;;4,33369701;
;;;;4,36094122;
;;;;4,41739915;
;;;;4,43654156;
;;;;4,40336344;
;;;;4,32684092;
;;;;4,31831363;
;;;;4,34300827;
;;;;4,37208421;
;;;;4,29443509;
;;;;4,30323319;
;;;;4,30596054;
;;;;4,32790612;
;;;;4,28559458;
;;;;4,28976969;
;;;;4,2703136;
;;;;4,30375631;
;;;;4,34472274;
;;;;4,36605375;
;;;;4,36694578;
;;;;4,23306773;
;;;;4,22051956;
;;;;4,21391473;
;;;;4,22336651;
;;;;4,09169948;
;;;;4,11687607;
;;;;4,13606565;
;;;;4,13859961;
;;;;4,13944333;
;;;;4,15302934;
;;;;4,13177601;
;;;;4,15451087;
;;;;4,16771027;
;;;;4,18897601;
;;;;4,17842629;
;;;;4,18913388;
;;;;4,21227885;
;;;;4,2094192;
;;;;4,17339958;
;;;;4,14448961;
;;;;4,07981012;
;;;;4,1174405;
;;;;4,08785649;
;;;;4,04226238;
;;;;4,00231958;
;;;;4,08628172;
;;;;4,09235847;
;;;;3,98479612;
;;;;3,93819943;
;;;;3,91637092;
;;;;3,88065464;
;;;;3,91233579;
;;;;3,9434132;
;;;;3,95444951;
;;;;3,93215033;
;;;;3,93227877;
;;;;3,87156975;
;;;;3,86225181;
;;;;3,83890738;
;;;;3,80017995;
;;;;3,78227291;
;;;;3,68692298;
;;;;3,66052962;
;;;;3,67324136;
;;;;3,70266773;
;;;;3,73869869;
;;;;3,74566127;
;;;;3,78227034;
;;;;3,78818652;
;;;;3,70108666;
;;;;3,66314586;
;;;;3,64344128;
;;;;3,62374381;
;;;;3,60286787;
;;;;3,5267099;
;;;;3,5098192;
;;;;3,43420824;
;;;;3,45057347;
;;;;3,50569548;
;;;;3,54401576;
;;;;3,53791956;
;;;;3,44801992;
;;;;3,44583415;
;;;;3,43476806;
;;;;3,42432041;
;;;;3,32021599;
;;;;3,21584091;
;;;;3,19686234;
;;;;3,1595253;
;;;;3,12193647;
;;;;3,10066835;
;;;;3,08569061;
;;;;3,11009409;
;;;;3,13728139;
;;;;3,10633764;
;;;;3,0833032;
;;;;3,09396398;
;;;;3,07941527;
;;;;3,00674623;
;;;;3,00670893;
;;;;2,9870944;
;;;;2,98925614;
;;;;2,99535036;
;;;;2,95039444;
;;;;2,93252993;
;;;;2,90476539;
;;;;2,93388093;
;;;;2,9256166;
;;;;2,87168724;
;;;;2,83666578;
;;;;2,84222729;
;;;;2,88223325;
;;;;2,88246393;
;;;;2,84765668;
;;;;2,87570132;
;;;;2,89779193;
;;;;2,91422408;
;;;;2,92798515;
;;;;2,91934657;
;;;;2,94748847;
;;;;2,95516977;
;;;;2,99946785;
;;;;2,99685715;
;;;;2,98970337;
;;;;2,99164061;
;;;;3,01982803;
;;;;2,97375289;
;;;;3,02929316;
;;;;3,02955346;
;;;;3,0125088;
;;;;2,9867805;
;;;;2,99627672;
;;;;2,99652045;
;;;;2,98622894;
;;;;3,0008818;
;;;;3,01869612;
;;;;3,07001825;
;;;;3,00377104;
;;;;2,97815225;
;;;;2,96015238;
;;;;3,00066923;
;;;;2,97209389;
;;;;2,93502535;
;;;;2,87672689;
;;;;2,89059843;
;;;;2,89878022;
;;;;2,90887985;
;;;;2,87620493;
;;;;2,91955099;
;;;;2,91002565;
;;;;2,92067949;
;;;;2,9453341;
;;;;2,94311112;
;;;;2,9549633;
;;;;2,9637437;
;;;;2,95926005;
;;;;2,95956896;
;;;;2,95569625;
;;;;2,9797018;
;;;;2,98199564;
;;;;2,98177289;
;;;;2,98710196;
;;;;3,01767377;
;;;;3,04909424;
;;;;3,11614256;
;;;;3,09008233;
;;;;3,11490987;
;;;;3,08685746;
;;;;3,04414428;
;;;;3,04498843;
;;;;3,09976719;
;;;;3,1187927;
;;;;3,10436378;
;;;;3,08784808;
;;;;3,08595697;
;;;;3,08732976;
;;;;3,07408485;
;;;;3,08459773;
;;;;3,08803143;
;;;;3,06268233;
;;;;3,07900761;
;;;;3,05845373;
;;;;3,07685091;
;;;;3,08477778;
;;;;3,09133156;
;;;;3,0657549;
;;;;3,03571015;
;;;;3,02863793;
;;;;3,03091807;
;;;;2,9988886;
;;;;2,98691111;
;;;;2,99096434;
;;;;2,97944065;
;;;;3,00858218;
;;;;3,03895417;
;;;;3,01623284;
;;;;3,02067113;
;;;;3,03264613;
;;;;3,03299887;
;;;;3,0586012;
;;;;3,05321931;
;;;;3,00766702;
;;;;2,98213979;
;;;;3,01097656;
;;;;2,97655234;
;;;;2,99287932;
;;;;2,95471149;
;;;;2,93450475;
;;;;2,94884528;
;;;;2,953964;
;;;;2,93850277;
;;;;2,98535457;
;;;;3,03713811;
;;;;3,05305478;
;;;;3,06786794;
;;;;3,07277056;
;;;;3,04584948;
;;;;3,13401006;
;;;;3,15640716;
;;;;3,1650506;
;;;;3,20227047;
;;;;3,18058413;
;;;;3,17569334;
;;;;3,1805108;
;;;;3,19040098;
;;;;3,22133003;
;;;;3,21028442;
;;;;3,19418353;
;;;;3,23977871;
;;;;3,28005589;
;;;;3,32731059;
;;;;3,35770986;
;;;;3,38678252;
;;;;3,3333045;
;;;;3,37018409;
;;;;3,31860614;
;;;;3,26812083;
;;;;3,31865038;
;;;;3,37791056;
;;;;3,39508641;
;;;;3,39551014;
;;;;3,4321774;
;;;;3,44694714;
;;;;3,43839892;
;;;;3,44097877;
;;;;3,42821789;
;;;;3,40232499;
;;;;3,43386942;
;;;;3,42366608;
;;;;3,42398989;
;;;;3,42264311;
;;;;3,41693856;
;;;;3,50657711;
;;;;3,5359734;
;;;;3,54398028;
;;;;3,53402865;
;;;;3,53784608;
;;;;3,6102828;
;;;;3,59679044;
;;;;3,59794684;
;;;;3,59621147;
;;;;3,63504728;
;;;;3,63809042;
;;;;3,61440818;
;;;;3,60534201;
;;;;3,56918769;
;;;;3,60890736;
;;;;3,63974189;
;;;;3,65727368;
;;;;3,66995913;
;;;;3,58351525;
;;;;3,59021481;
;;;;3,53842281;
;;;;3,57181555;
;;;;3,5802063;
;;;;3,54856797;
;;;;3,58245282;
;;;;3,57793045;
;;;;3,53178876;
;;;;3,54519355;
;;;;3,56631861;
;;;;3,59275432;
;;;;3,61040586;
;;;;3,59012628;
;;;;3,5480566;
;;;;3,59892873;
;;;;3,61359585;
;;;;3,56765034;
;;;;3,51372076;
;;;;3,47739387;
;;;;3,50438509;
;;;;3,48550224;
;;;;3,42437023;
;;;;3,43554015;
;;;;3,46873814;
;;;;3,4694515;
;;;;3,45774892;
;;;;3,43690027;
;;;;3,44267249;
;;;;3,48200295;
;;;;3,49323915;
;;;;3,46844197;
;;;;3,45094003;
;;;;3,44572312;
;;;;3,42237782;
;;;;3,40356883;
;;;;3,37985038;
;;;;3,39229685;
;;;;3,36275491;
;;;;3,37715046;
;;;;3,39325405;
;;;;3,40909805;
;;;;3,37306506;
;;;;3,39035178;
;;;;3,34924218;
;;;;3,35102517;
;;;;3,33897575;
;;;;3,29704984;
;;;;3,25626096;
;;;;3,25480331;
;;;;3,28905242;
;;;;3,26886032;
;;;;3,22804917;
;;;;3,24268239;
;;;;3,23888272;
;;;;3,2346534;
;;;;3,18136846;
;;;;3,12731907;
;;;;3,13934783;
;;;;3,18112448;
;;;;3,13848599;
;;;;3,10262056;
;;;;3,12389368;
;;;;3,15791238;
;;;;3,20403483;
;;;;3,19916884;
;;;;3,23588519;
;;;;3,22152216;
;;;;3,21002163;
;;;;3,22036055;
;;;;3,199186;
;;;;3,18285444;
;;;;3,17052485;
;;;;3,18755797;
;;;;3,19970424;
;;;;3,18081596;
;;;;3,17632218;
;;;;3,13763861;
;;;;3,12496301;
;;;;3,15745335;
;;;;3,18243111;
;;;;3,18123894;
;;;;3,2315578;
;;;;3,18868792;
;;;;3,1495938;
;;;;3,11260488;
;;;;3,13411206;
;;;;3,19129829;
;;;;3,14142185;
;;;;3,20518614;
;;;;3,24458331;
;;;;3,2697827;
;;;;3,30556013;
;;;;3,27594695;
;;;;3,2331064;
;;;;3,230399;
;;;;3,30566214;
;;;;3,27867434;
;;;;3,30771279;
;;;;3,34551671;
;;;;3,34770591;
;;;;3,37184007;
;;;;3,47177198;
;;;;3,47351701;
;;;;3,41293739;
;;;;3,39460469;
;;;;3,50879311;
;;;;3,57613814;
;;;;3,57640623;
;;;;3,52004186;
;;;;3,52706431;
;;;;3,5381073;
;;;;3,53838533;
;;;;3,50088761;
;;;;3,46830176;
;;;;3,43208138;
;;;;3,47769551;
;;;;3,38014204;
;;;;3,36629687;
;;;;3,44483047;
;;;;3,53181693;
;;;;3,53534792;
;;;;3,55477827;
;;;;3,57340201;
;;;;3,65669522;
;;;;3,63778948;
;;;;3,66112404;
;;;;3,61761595;
;;;;3,65180939;
;;;;3,7619378;
;;;;3,70151041;
;;;;3,65949223;
;;;;3,67574624;
;;;;3,71025683;
;;;;3,71847181;
;;;;3,60565906;
;;;;3,60586337;
;;;;3,54003158;
;;;;3,52586987;
;;;;3,59397495;
;;;;3,63128363;
;;;;3,67759106;
;;;;3,64565225;
;;;;3,63779171;
;;;;3,70747939;
;;;;3,69036559;
;;;;3,73518801;
;;;;3,78857392;
;;;;3,7683981;
;;;;3,78702737;
;;;;3,70325379;
;;;;3,65271343;
;;;;3,69062194;
;;;;3,61764649;
;;;;3,64893519;
;;;;3,56266203;
;;;;3,702428;
;;;;3,72485333;
;;;;3,83065263;
;;;;3,85920758;
;;;;3,82254576;
;;;;3,90438165;
;;;;3,97865178;
;;;;4,01048629;
;;;;3,9323259;
;;;;3,94015353;
;;;;3,95533499;
;;;;3,99786955;
;;;;3,96161486;
;;;;3,90116902;
;;;;3,86596701;
;;;;3,87005526;
;;;;3,91795693;
;;;;3,92945696;
;;;;4,01964038;
;;;;3,9891383;
;;;;4,03992937;
;;;;4,05438444;
;;;;4,05395231;
;;;;4,15011918;
;;;;4,1323166;
;;;;4,16842714;
;;;;4,16853099;
;;;;4,19955194;
;;;;4,19365474;
;;;;4,25844925;
;;;;4,22474296;
;;;;4,25237941;
;;;;4,28202798;
;;;;4,35059467;
;;;;4,33384186;
;;;;4,36436138;
;;;;4,34236336;
;;;;4,32352744;
;;;;4,31068067;
;;;;4,24236552;
;;;;4,2370589;
;;;;4,20435617;
;;;;4,2092442;
;;;;4,16863721;
;;;;4,21561544;
;;;;4,2205118;
;;;;4,20513491;
;;;;4,1741718;
;;;;4,16965178;
;;;;4,17108467;
;;;;4,17288525;
;;;;4,16931925;
;;;;4,16371948;
;;;;4,13780264;
;;;;4,1579199;
;;;;4,18067249;
;;;;4,19526386;
;;;;4,18380993;
;;;;4,14754836;
;;;;4,14779182;
;;;;4,18419565;
;;;;4,19506282;
;;;;4,19376945;
;;;;4,22012897;
;;;;4,22610518;
;;;;4,20716177;
;;;;4,20278527;
;;;;4,18751271;
;;;;4,23029244;
;;;;4,17231804;
;;;;4,18915011;
;;;;4,22506182;
;;;;4,23513423;
;;;;4,22900933;
;;;;4,20798632;
;;;;4,20242872;
;;;;4,2027707;
;;;;4,23279793;
;;;;4,22311872;
;;;;4,22074318;
;;;;4,22232272;
;;;;4,25726187;
;;;;4,26013299;
;;;;4,25339341;
;;;;4,22607213;
;;;;4,23489634;
;;;;4,25812445;
;;;;4,25629984;
;;;;4,26789141;
;;;;4,27711137;
;;;;4,25049596;
;;;;4,2652021;
;;;;4,29322108;
;;;;4,30529745;
;;;;4,30558946;
;;;;4,28109536;
;;;;4,26724927;
;;;;4,21914577;
;;;;4,16026948;
;;;;4,19590327;
;;;;4,1746937;
;;;;4,18337253;
;;;;4,17356397;
;;;;4,24183796;
;;;;4,26285091;
;;;;4,26137109;
;;;;4,29253246;
;;;;4,31455647;
;;;;4,3319277;
;;;;4,30764839;
;;;;4,33783341;
;;;;4,34828623;
;;;;4,34198571;
;;;;4,33440101;
;;;;4,37031678;
;;;;4,33738925;
;;;;4,35952023;
;;;;4,34814093;
;;;;4,36948099;
;;;;4,39403528;
;;;;4,34049848;
;;;;4,3185288;
;;;;4,2843019;
;;;;4,26558067;
;;;;4,23598013;
;;;;4,22086673;
;;;;4,23990645;
;;;;4,24047485;
;;;;4,24036058;
;;;;4,27493663;
;;;;4,2877771;
;;;;4,23204531;
;;;;4,20128723;
;;;;4,23512213;
;;;;4,23965337;
;;;;4,24651116;
;;;;4,2606389;
;;;;4,26642316;
;;;;4,29258256;
;;;;4,24263749;
;;;;4,24176679;
;;;;4,23180526;
;;;;4,1877823;
;;;;4,19001797;
;;;;4,14355971;
;;;;4,13151741;
;;;;4,03505075;
;;;;4,01996875;
;;;;4,02386519;
;;;;4,02597469;
;;;;4,04325812;
;;;;3,97923766;
;;;;3,93053924;
;;;;3,85567655;
;;;;3,86152534;
;;;;3,89395674;
;;;;3,92718692;
;;;;3,96309294;
;;;;3,9276257;
;;;;4,0220489;
;;;;4,04438491;
;;;;3,96631464;
;;;;3,99956209;
;;;;4,01247159;
;;;;3,93351131;
;;;;3,95553974;
;;;;3,97192958;
;;;;3,93252904;
;;;;3,90827659;
;;;;3,90353479;
;;;;3,87621513;
;;;;3,93011105;
;;;;3,93826966;
;;;;3,94760755;
;;;;3,93002944;
;;;;3,946711;
;;;;3,9279614;
;;;;3,96665313;
;;;;3,95261128;
;;;;3,89971548;
;;;;3,97871821;
;;;;3,94221044;
;;;;4,01841418;
;;;;4,03757381;
;;;;4,08628926;
;;;;4,14243336;
;;;;4,14394306;
;;;;4,14623635;
;;;;4,17286694;
;;;;4,21562455;
;;;;4,17573775;
;;;;4,19504976;
;;;;4,23762185;
;;;;4,25834391;
;;;;4,33794723;
;;;;4,3604598;
;;;;4,3425822;
;;;;4,33976846;
;;;;4,34513199;
;;;;4,41724629;
;;;;4,41718952;
;;;;4,40219149;
;;;;4,41723111;
;;;;4,38637711;
;;;;4,41716847;
;;;;4,41725029;
;;;;4,37438386;
;;;;4,39620048;
;;;;4,39823239;
;;;;4,39839565;
;;;;4,38058826;
;;;;4,40058814;
;;;;4,37813957;
;;;;4,37376551;
;;;;4,37418226;
;;;;4,37966394;
;;;;4,38377054;
;;;;4,39312362;
;;;;4,41719312;
;;;;4,41743089;
;;;;4,41717866;
;;;;4,41717971;
;;;;4,41716391;
;;;;4,41716657;
;;;;4,42496097;
;;;;4,51822099;
;;;;4,49463575;
;;;;4,48882958;
;;;;4,44799707;
;;;;4,43301279;
;;;;4,49797888;
;;;;4,49648534;
;;;;4,5441743;
;;;;4,54447947;
;;;;4,59980324;
;;;;4,57541356;
;;;;4,53347202;
;;;;4,51127562;
;;;;4,51981838;
;;;;4,50116774;
;;;;4,51773094;
;;;;4,50377063;
;;;;4,57852301;
;;;;4,63607438;
;;;;4,6317054;
;;;;4,66918527;
;;;;4,66421034;
;;;;4,66491979;
;;;;4,66450317;
;;;;4,65801336;
;;;;4,66047362;
;;;;4,66907934;
;;;;4,70593272;
;;;;4,69432362;
;;;;4,70392042;
;;;;4,66959422;
;;;;4,67977776;
;;;;4,65661266;
;;;;4,6286591;
;;;;4,61273804;
;;;;4,58255475;
;;;;4,56616312;
;;;;4,5481259;
;;;;4,54807608;
;;;;4,54964375;
;;;;4,4963417;
;;;;4,53594507;
;;;;4,54144704;
;;;;4,48536249;
;;;;4,53591951;
;;;;4,52263156;
;;;;4,53394727;
;;;;4,52536903;
;;;;4,50819535;
;;;;4,49168985;
;;;;4,54164016;
;;;;4,54228028;
;;;;4,46926442;
;;;;4,46446979;
;;;;4,43502653;
;;;;4,43048651;
;;;;4,43557432;
;;;;4,41716566;
;;;;4,41719337;
;;;;4,36839821;
;;;;4,32005782;
;;;;4,27558082;
;;;;4,25557728;
;;;;4,27953603;
;;;;4,23755251;
;;;;4,15508967;
;;;;4,18253472;
;;;;4,13883555;
;;;;4,23583255;
;;;;4,23553869;
;;;;4,18301361;
;;;;4,15340385;
;;;;4,22444128;
;;;;4,27272361;
;;;;4,31106049;
;;;;4,32400801;
;;;;4,35556875;
;;;;4,40125215;
;;;;4,39271027;
;;;;4,3998266;
;;;;4,34787491;
;;;;4,24292487;
;;;;4,23691343;
;;;;4,31867235;
;;;;4,31349149;
;;;;4,31419005;
;;;;4,22808869;
;;;;4,24762779;
;;;;4,30502007;
;;;;4,31595823;
;;;;4,32727238;
;;;;4,31499393;
;;;;4,39682934;
;;;;4,33794223;
;;;;4,27255626;
;;;;4,28750721;
;;;;4,24824933;
;;;;4,2155114;
;;;;4,16948072;
;;;;4,11287938;
;;;;4,1779921;
;;;;4,07591269;
;;;;4,07277037;
;;;;4,0738251;
;;;;4,09170666;
;;;;4,15602192;
;;;;4,10533498;
;;;;4,19582399;
;;;;4,31058635;
;;;;4,31412969;
;;;;4,34244494;
;;;;4,32097022;
;;;;4,3058857;
;;;;4,24082414;
;;;;4,30689949;
;;;;4,40506761;
;;;;4,40875482;
;;;;4,41716465;
;;;;4,44607814;
;;;;4,42610729;
;;;;4,48134395;
;;;;4,41716253;
;;;;4,41716253;
;;;;4,46568824;
;;;;4,47080356;
;;;;4,55531908;
;;;;4,52302648;
;;;;4,59052831;
;;;;4,61417772;
;;;;4,59394317;
;;;;4,64467379;
;;;;4,67632451;
;;;;4,69120806;
;;;;4,69466513;
;;;;4,66249377;
;;;;4,64564505;
;;;;4,64385669;
;;;;4,62466542;
;;;;4,61475261;
;;;;4,58883065;
;;;;4,59383614;
;;;;4,57469922;
;;;;4,56988753;
;;;;4,60000937;
;;;;4,61047236;
;;;;4,62515278;
;;;;4,63391281;
;;;;4,5950778;
;;;;4,61312849;
;;;;4,61958383;
;;;;4,61451872;
;;;;4,57018816;
;;;;4,54796718;
;;;;4,573498;
;;;;4,57640828;
;;;;4,57402679;
;;;;4,54295453;
;;;;4,58032523;
;;;;4,53563221;
;;;;4,54457324;
;;;;4,5855532;
;;;;4,54829329;
;;;;4,64713204;
;;;;4,66189728;
;;;;4,69982699;
;;;;4,62579738;
;;;;4,57783012;
;;;;4,56042601;
;;;;4,49997694;
;;;;4,55525979;
;;;;4,5502034;
;;;;4,5819171;
;;;;4,57919913;
;;;;4,52007049;
;;;;4,49842771;
;;;;4,4474452;
;;;;4,45974155;
;;;;4,46793331;
;;;;4,48195629;
;;;;4,50014929;
;;;;4,53105406;
;;;;4,49651191;
;;;;4,53118558;
;;;;4,56126535;
;;;;4,57451788;
;;;;4,59316603;
;;;;4,58901371;
;;;;4,55591434;
;;;;4,55818853;
;;;;4,5053784;
;;;;4,52783667;
;;;;4,5234892;
;;;;4,49038192;
;;;;4,47917259;
;;;;4,43779144;
;;;;4,44825338;
;;;;4,41716284;
;;;;4,41716389;
;;;;4,41716406;
;;;;4,43192243;
;;;;4,41716192;
;;;;4,417165;
;;;;4,38825932;
;;;;4,39608097;
;;;;4,40882024;
;;;;4,38667551;
;;;;4,4218457;
;;;;4,43975329;
;;;;4,43334673;
;;;;4,45138737;
;;;;4,43635922;
;;;;4,41898761;
;;;;4,43192388;
;;;;4,44274359;
;;;;4,49490978;
;;;;4,49506259;
;;;;4,502053;
;;;;4,48225541;
;;;;4,49638432;
;;;;4,46276214;
;;;;4,4946982;
;;;;4,475385;
;;;;4,45784437;
;;;;4,46565286;
;;;;4,43693448;
;;;;4,41506595;
;;;;4,40279041;
;;;;4,40142463;
;;;;4,41375353;
;;;;4,4430675;
;;;;4,47265973;
;;;;4,46278136;
;;;;4,41716391;
;;;;4,41772329;
;;;;4,37634638;
;;;;4,38720414;
;;;;4,35892698;
;;;;4,35912;
;;;;4,3577506;
;;;;4,35635765;
;;;;4,32708014;
;;;;4,29775266;
;;;;4,2879021;
;;;;4,27317056;
;;;;4,27023933;
;;;;4,26396878;
;;;;4,2464201;
;;;;4,23982548;
;;;;4,2122307;
;;;;4,19525885;
;;;;4,19859504;
;;;;4,20586453;
;;;;4,16714482;
;;;;4,14547257;
;;;;4,10985729;
;;;;4,10826435;
;;;;4,12068117;
;;;;4,1549164;
;;;;4,10994791;
;;;;4,0794947;
;;;;4,11878876;
;;;;4,11898499;
;;;;4,07403969;
;;;;4,0760136;
;;;;4,10838979;
;;;;4,05076637;
;;;;4,09804537;
;;;;4,12843735;
;;;;4,18406924;
;;;;4,19324198;
;;;;4,14378477;
;;;;4,16466865;
;;;;4,09912776;
;;;;4,11533769;
;;;;4,11356882;
;;;;4,11800019;
;;;;4,13966867;
;;;;4,12536897;
;;;;4,11734834;
;;;;4,15997775;
;;;;4,19208789;
;;;;4,21947935;
;;;;4,23758999;
;;;;4,24453998;
;;;;4,21221393;
;;;;4,19773527;
;;;;4,16987042;
;;;;4,16142999;
;;;;4,20290736;
;;;;4,18598678;
;;;;4,16113241;
;;;;4,17496707;
;;;;4,21161922;
;;;;4,21348069;
;;;;4,16321138;
;;;;4,16532464;
;;;;4,16714919;
;;;;4,16249991;
;;;;4,16995254;
;;;;4,15606796;
;;;;4,12928307;
;;;;4,14449769;
;;;;4,1374388;
;;;;4,13141782;
;;;;4,14358497;
;;;;4,15741085;
;;;;4,09349896;
;;;;4,07884706;
;;;;4,06928941;
;;;;4,0610559;
;;;;4,02765653;
;;;;4,02446196;
;;;;4,03419031;
;;;;4,03594709;
;;;;4,01311533;
;;;;4,01973019;
;;;;4,03048048;
;;;;4,0005006;
;;;;4,00301349;
;;;;4,00606523;
;;;;4,0487146;
;;;;4,0285738;
;;;;4,0728073;
;;;;4,08090215;
;;;;4,04800657;
;;;;3,9917528;
;;;;4,0201545;
;;;;3,98372777;
;;;;4,00012433;
;;;;3,96048833;
;;;;3,99236488;
;;;;3,9874366;
;;;;4,00030803;
;;;;3,94567844;
;;;;3,89060739;
;;;;3,87284566;
;;;;3,85187722;
;;;;3,84041206;
;;;;3,81682575;
;;;;3,71121843;
;;;;3,65704805;
;;;;3,63342048;
;;;;3,61425849;
;;;;3,67774446;
;;;;3,7098;
;;;;3,66427467;
;;;;3,63877111;
;;;;3,60696042;
;;;;3,65664067;
;;;;3,61958255;
;;;;3,63523636;
;;;;3,64381904;
;;;;3,66718335;
;;;;3,66738637;
;;;;3,70395053;
;;;;3,71441299;
;;;;3,71787087;
;;;;3,68775219;
;;;;3,67377354;
;;;;3,6160875;
;;;;3,6160875;
;;;;3,6160875;
;;;;3,6160875;
;;;;3,64693137;
;;;;3,65313061;
;;;;3,69436415;
;;;;3,71084722;
;;;;3,66160165;
;;;;3,672699;
;;;;3,64054901;
;;;;3,63831762;
;;;;3,63685466;
;;;;3,6160875;
;;;;3,6160875;
;;;;3,6160875;
;;;;3,58660581;
;;;;3,61088746;
;;;;3,6160875;
;;;;3,62435058;
;;;;3,58640286;
;;;;3,59606801;
;;;;3,60866054;
;;;;3,60866046;
;;;;3,56353623;
;;;;3,57153124;
;;;;3,59628507;
;;;;3,59246487;
;;;;3,52345515;
;;;;3,49637374;
;;;;3,57864184;
;;;;3,61031544;
;;;;3,59874556;
;;;;3,66819047;
;;;;3,63773158;
;;;;3,62011491;
;;;;3,64036835;
;;;;3,67287409;
;;;;3,65162677;
;;;;3,68300501;
;;;;3,69984829;
;;;;3,71721032;
;;;;3,70128982;
;;;;3,6897692;
;;;;3,65072382;
;;;;3,68870913;
;;;;3,68250411;
;;;;3,69550272;
;;;;3,69228482;
;;;;3,69428211;
;;;;3,7037512;
;;;;3,67912882;
;;;;3,66881477;
;;;;3,70093161;
;;;;3,62756266;
;;;;3,6507291;
;;;;3,68297023;
;;;;3,72689659;
;;;;3,73475358;
;;;;3,76499632;
;;;;3,77745708;
;;;;3,7513198;
;;;;3,75601447;
;;;;3,75640233;
;;;;3,80217429;
;;;;3,80452826;
;;;;3,77310883;
;;;;3,76430909;
;;;;3,7894497;
;;;;3,80203001;
;;;;3,79280082;
;;;;3,78055078;
;;;;3,78439793;
;;;;3,77347262;
;;;;3,77148565;
;;;;3,71646126;
;;;;3,73088791;
;;;;3,71306962;
;;;;3,67212203;
;;;;3,64215894;
;;;;3,69812445;
;;;;3,69694628;
;;;;3,65990352;
;;;;3,63539837;
